,timestamp,open,high,low,close,volume,atr,sma_20,sma_50,buy_signal,sell_signal
0,2024-05-27 09:45:00,,3924.13,3909.48,3916.0475,2116.6471,,,,,
1,2024-05-27 10:00:00,3915.29,3911.0,3894.0,3906.0,3460.8797,22.047500000000127,,,0.0,0.0
2,2024-05-27 10:15:00,3909.5,3908.01,3896.2,3902.6524999999997,2642.8617,11.8100000000004,,,0.0,0.0
3,2024-05-27 10:30:00,3903.2,3902.72,3891.03,3896.3999999999996,3063.8993,11.6899999999996,,,0.0,0.0
4,2024-05-27 10:45:00,3895.925,3910.01,3884.17,3898.5075,4123.7284,25.840000000000146,,,0.0,0.0
5,2024-05-27 11:00:00,3899.925,3915.51,3904.5,3909.065,1778.7932,17.002500000000055,,,0.0,0.0
6,2024-05-27 11:15:00,3908.125,3909.99,3900.8,3905.4100000000003,2189.4596,9.1899999999996,,,0.0,0.0
7,2024-05-27 11:30:00,3905.425,3903.64,3885.3,3895.8625,3755.0392,20.110000000000127,,,0.0,0.0
8,2024-05-27 11:45:00,3897.255,3904.0,3892.5,3897.62,1641.1303,11.5,,,0.0,0.0
9,2024-05-27 12:00:00,3896.99,3906.0,3891.81,3898.4525,2924.2306,14.190000000000055,,,0.0,0.0
10,2024-05-27 12:15:00,3898.0,3900.0,3892.0,3896.875,2619.5987,8.0,,,0.0,0.0
11,2024-05-27 12:30:00,3897.75,3905.56,3895.5,3900.6,2483.3457,10.059999999999945,,,0.0,0.0
12,2024-05-27 12:45:00,3900.67,3915.02,3900.5,3907.2149999999997,2650.7315,14.519999999999982,,,0.0,0.0
13,2024-05-27 13:00:00,3906.67,3930.0,3908.6,3919.6525,4583.1319,22.78500000000031,,,0.0,0.0
14,2024-05-27 13:15:00,3920.005,3933.0,3917.4,3924.6025,3438.8828,15.599999999999909,,,0.0,0.0
15,2024-05-27 13:30:00,3924.005,3932.5,3910.88,3923.9700000000003,3345.6204,21.61999999999989,,,0.0,0.0
16,2024-05-27 13:45:00,3926.25,3939.94,3928.8,3933.0299999999997,6693.9915,15.9699999999998,,,0.0,0.0
17,2024-05-27 14:00:00,3931.6899999999996,3947.08,3928.8,3935.945,5970.8711,18.279999999999745,,,0.0,0.0
18,2024-05-27 14:15:00,3933.95,3948.0,3928.98,3935.825,6343.2635,19.019999999999982,,,0.0,0.0
19,2024-05-27 14:30:00,3933.16,3939.5,3920.86,3929.5625,4993.6757,18.639999999999873,3911.66475,,0.0,0.0
20,2024-05-27 14:45:00,3928.945,3953.4,3919.0,3936.2025,4764.3085,34.40000000000009,3912.6724999999997,,0.0,0.0
21,2024-05-27 15:00:00,3936.205,3955.98,3937.0,3946.81,5925.905,19.777500000000146,3914.7129999999997,,0.0,0.0
22,2024-05-27 15:15:00,3947.13,3952.99,3928.15,3941.2599999999998,5680.8989,24.83999999999969,3916.6433750000006,,0.0,0.0
23,2024-05-27 15:30:00,3941.95,3975.0,3933.49,3952.1724999999997,11922.1342,41.51000000000022,3919.432,,0.0,0.0
24,2024-05-27 15:45:00,3950.1,3977.0,3957.94,3966.2599999999998,6470.2265,24.827500000000327,3922.819625,,0.0,0.0
25,2024-05-27 16:00:00,3965.05,3974.3,3961.25,3966.2575,4384.6017,13.050000000000182,3925.6792499999997,,0.0,0.0
26,2024-05-27 16:15:00,3964.74,3968.15,3947.01,3959.395,6081.6455,21.139999999999873,3928.3785,,0.0,0.0
27,2024-05-27 16:30:00,3961.21,3959.61,3950.0,3955.4075000000003,2504.9431,9.610000000000127,3931.3557499999997,,0.0,0.0
28,2024-05-27 16:45:00,3956.01,3955.69,3943.01,3950.1475,3487.13,12.679999999999836,3933.982125,,0.0,0.0
29,2024-05-27 17:00:00,3950.9449999999997,3951.5,3937.0,3944.6200000000003,2665.4851,14.5,3936.2905,,0.0,0.0
30,2024-05-27 17:15:00,3944.99,3945.0,3924.39,3937.2075,2968.8912,20.610000000000127,3938.3071250000003,,0.0,1.0
31,2024-05-27 17:30:00,3939.7200000000003,3944.81,3934.23,3937.5875,1934.1942,10.579999999999927,3940.1565,,0.0,0.0
32,2024-05-27 17:45:00,3935.6549999999997,3941.3,3927.48,3935.6125,2091.7438,13.820000000000164,3941.5763749999996,,0.0,0.0
33,2024-05-27 18:00:00,3936.835,3942.32,3933.77,3937.9125000000004,1629.0805,8.550000000000182,3942.489375,,0.0,0.0
34,2024-05-27 18:15:00,3937.7799999999997,3938.56,3925.48,3934.0475,2413.916,13.079999999999927,3942.961625000001,,0.0,0.0
35,2024-05-27 18:30:00,3936.075,3934.61,3930.16,3932.4325,983.2043,4.450000000000273,3943.38475,,0.0,0.0
36,2024-05-27 18:45:00,3932.48,3930.36,3924.35,3927.9275,1319.2472,8.082499999999982,3943.129625,,0.0,0.0
37,2024-05-27 19:00:00,3928.5,3929.85,3909.73,3919.3725,4345.7635,20.11999999999989,3942.3010000000004,,0.0,0.0
38,2024-05-27 19:15:00,3918.955,3920.98,3908.89,3915.3675,1790.0744,12.090000000000146,3941.278125,,0.0,0.0
39,2024-05-27 19:30:00,3915.8,3920.33,3910.28,3915.4225,1412.3961,10.049999999999727,3940.571125,,0.0,0.0
40,2024-05-27 19:45:00,3915.54,3912.57,3854.16,3887.685,16737.7732,61.26250000000027,3938.14525,,0.0,0.0
41,2024-05-27 20:00:00,3892.005,3889.19,3860.71,3875.88,7963.2512,28.480000000000018,3934.59875,,0.0,0.0
42,2024-05-27 20:15:00,3876.8100000000004,3896.57,3876.53,3887.3125,3419.452,20.690000000000055,3931.901375,,0.0,0.0
43,2024-05-27 20:30:00,3888.075,3897.74,3873.53,3886.6949999999997,5753.0638,24.20999999999958,3928.6274999999996,,0.0,0.0
44,2024-05-27 20:45:00,3887.755,3895.51,3876.53,3886.1675,2624.3766,18.980000000000018,3924.622875,,0.0,0.0
45,2024-05-27 21:00:00,3886.315,3905.14,3889.0,3896.4075,2177.8631,18.972499999999854,3921.1303750000006,,0.0,0.0
46,2024-05-27 21:15:00,3895.745,3900.0,3886.9,3894.4725,1379.1038,13.099999999999909,3917.88425,,0.0,0.0
47,2024-05-27 21:30:00,3895.495,3896.75,3884.4,3890.6749999999997,1180.4622,12.349999999999909,3914.647625,,0.0,0.0
48,2024-05-27 21:45:00,3890.775,3894.8,3879.15,3888.4325,1802.6379,15.650000000000091,3911.5618749999994,,0.0,0.0
49,2024-05-27 22:00:00,3889.89,3891.72,3884.05,3888.77,2077.7625,7.669999999999618,3908.769375,3918.5443,0.0,0.0
50,2024-05-27 22:15:00,3889.6549999999997,3898.51,3886.62,3893.0425000000005,1014.9517,11.890000000000327,3906.5611249999993,3918.0842000000002,0.0,0.0
51,2024-05-27 22:30:00,3893.52,3901.94,3889.0,3894.79,1713.0212,12.940000000000055,3904.4212500000003,3917.86,0.0,0.0
52,2024-05-27 22:45:00,3894.11,3893.02,3884.63,3888.835,3583.8804,10.159999999999854,3902.0823749999995,3917.58365,0.0,0.0
53,2024-05-27 23:00:00,3888.8450000000003,3891.72,3883.1,3888.0575,1184.9504,8.61999999999989,3899.5896249999996,3917.4168,0.0,0.0
54,2024-05-27 23:15:00,3888.705,3889.54,3883.43,3886.79,1075.4506,6.110000000000127,3897.2267499999994,3917.18245,0.0,0.0
55,2024-05-27 23:30:00,3887.0950000000003,3893.34,3883.2,3888.5525,1225.6824,10.140000000000327,3895.03275,3916.7722000000003,0.0,0.0
56,2024-05-27 23:45:00,3888.835,3898.76,3891.8,3894.4525,1160.1882,10.207500000000437,3893.3590000000004,3916.55305,0.0,0.0
57,2024-05-28 00:00:00,3893.625,3895.33,3884.23,3890.0725,1782.7474,11.099999999999909,3891.8939999999993,3916.43725,0.0,0.0
58,2024-05-28 00:15:00,3890.365,3889.5,3879.75,3885.6375000000003,1786.7742,10.322500000000218,3890.4075,3916.1976,0.0,0.0
59,2024-05-28 00:30:00,3886.65,3886.77,3871.73,3881.3625,3269.6259,15.039999999999964,3888.7045,3915.8558000000003,0.0,0.0
60,2024-05-28 00:45:00,3883.475,3880.18,3864.0,3875.3875,5432.1692,17.362500000000182,3888.0896249999996,3915.4260500000005,0.0,0.0
61,2024-05-28 01:00:00,3878.685,3889.0,3876.04,3882.8025,1770.3286,13.612500000000182,3888.4357499999996,3915.0701,0.0,0.0
62,2024-05-28 01:15:00,3883.085,3889.49,3881.8,3885.6974999999998,1225.0576,7.6899999999996,3888.3549999999996,3914.6397500000003,0.0,0.0
63,2024-05-28 01:30:00,3885.75,3910.0,3882.52,3889.7925000000005,5292.4825,27.480000000000018,3888.5098750000006,3914.04255,0.0,0.0
64,2024-05-28 01:45:00,3883.325,3884.14,3838.0,3863.5525000000002,12209.969,51.79250000000047,3887.3791249999995,3912.82155,0.0,0.0
65,2024-05-28 02:00:00,3866.035,3851.39,3834.74,3846.1949999999997,10071.5474,28.812500000000455,3884.8684999999996,3911.2660499999997,0.0,0.0
66,2024-05-28 02:15:00,3849.325,3869.69,3849.51,3858.605,4140.6142,23.495000000000346,3883.0751250000003,3909.7775500000002,0.0,0.0
67,2024-05-28 02:30:00,3857.61,3872.0,3861.17,3864.8125,1839.7199,13.394999999999982,3881.782,3908.3549,0.0,0.0
68,2024-05-28 02:45:00,3863.04,3869.16,3861.56,3863.7225,1808.8137,7.599999999999909,3880.5465000000004,3906.9128499999997,0.0,0.0
69,2024-05-28 03:00:00,3862.085,3866.05,3843.19,3856.61,3935.7785,22.860000000000127,3878.9385,3905.4537999999993,0.0,0.0
70,2024-05-28 03:15:00,3858.6000000000004,3859.55,3841.35,3850.5299999999997,3231.125,18.200000000000273,3876.8128750000005,3903.7403499999996,0.0,0.0
71,2024-05-28 03:30:00,3850.61,3853.63,3827.41,3840.9875,6987.7438,26.220000000000255,3874.12275,3901.6239,0.0,0.0
72,2024-05-28 03:45:00,3841.455,3851.66,3835.04,3843.1724999999997,3632.3163,16.61999999999989,3871.8396250000005,3899.6621499999997,0.0,0.0
73,2024-05-28 04:00:00,3842.995,3854.65,3842.11,3847.77,1642.9794,12.539999999999964,3869.8252499999994,3897.5741000000003,0.0,0.0
74,2024-05-28 04:15:00,3847.16,3852.0,3830.01,3839.51,2916.095,21.98999999999978,3867.4612500000003,3895.0391,0.0,0.0
75,2024-05-28 04:30:00,3838.015,3841.72,3821.63,3831.0625,6847.4282,20.08999999999969,3864.58675,3892.3351999999995,0.0,0.0
76,2024-05-28 04:45:00,3830.45,3840.0,3828.26,3833.58,4264.5128,11.739999999999782,3861.543125,3889.8189,0.0,0.0
77,2024-05-28 05:00:00,3833.0299999999997,3851.1,3831.3,3841.7475,2881.2565,19.799999999999727,3859.1268750000004,3887.5457,0.0,0.0
78,2024-05-28 05:15:00,3842.295,3848.01,3842.06,3845.94,1500.0781,6.262500000000273,3857.1420000000007,3885.4615500000004,0.0,0.0
79,2024-05-28 05:30:00,3846.8450000000003,3856.78,3845.66,3850.6549999999997,1825.7095,11.120000000000346,3855.6066250000003,3883.5822500000004,0.0,0.0
80,2024-05-28 05:45:00,3850.09,3860.58,3850.0,3856.415,1852.8068,10.579999999999927,3854.6580000000004,3881.9664000000002,1.0,0.0
81,2024-05-28 06:00:00,3857.54,3861.59,3854.5,3859.5,2489.9842,7.0900000000001455,3853.492875,3880.4046500000004,0.0,0.0
82,2024-05-28 06:15:00,3860.955,3862.39,3850.0,3856.0474999999997,3527.4763,12.389999999999873,3852.0103750000003,3878.8133500000004,0.0,0.0
83,2024-05-28 06:30:00,3855.9,3860.0,3845.99,3853.8775,3355.2723,14.010000000000218,3850.2146249999996,3877.13265,0.0,0.0
84,2024-05-28 06:45:00,3854.76,3864.85,3855.12,3859.2574999999997,2373.5807,10.972499999999854,3849.999875,3875.63685,0.0,0.0
85,2024-05-28 07:00:00,3858.5299999999997,3861.19,3848.0,3854.2925,4250.9109,13.190000000000055,3850.40475,3874.0740499999997,0.0,0.0
86,2024-05-28 07:15:00,3853.99,3852.49,3845.99,3849.1675,4125.9165,8.302500000000236,3849.932875,3872.49885,0.0,0.0
87,2024-05-28 07:30:00,3849.0950000000003,3852.95,3842.86,3849.2375,2281.9889,10.08999999999969,3849.154125,3871.09615,0.0,0.0
88,2024-05-28 07:45:00,3850.5699999999997,3856.89,3845.68,3850.7,3900.2562,11.210000000000036,3848.5029999999997,3869.8027999999995,0.0,0.0
89,2024-05-28 08:00:00,3850.115,3863.49,3839.0,3852.3575,4799.5846,24.48999999999978,3848.2903749999996,3868.5415000000003,0.0,0.0
90,2024-05-28 08:15:00,3853.4700000000003,3869.69,3856.79,3862.4599999999996,2619.8232,17.332499999999982,3848.886875,3868.0370000000003,0.0,0.0
91,2024-05-28 08:30:00,3861.68,3871.28,3860.12,3866.5325000000003,1792.7256,11.16000000000031,3850.1641250000002,3867.85005,0.0,0.0
92,2024-05-28 08:45:00,3867.365,3881.01,3870.99,3874.9,6945.5651,14.477499999999964,3851.7504999999996,3867.6018,0.0,0.0
93,2024-05-28 09:00:00,3873.8,3884.71,3868.2,3876.0525,2900.3786,16.51000000000022,3853.1646250000003,3867.3889499999996,0.0,0.0
94,2024-05-28 09:15:00,3875.6499999999996,3877.88,3868.8,3873.9775000000004,3661.8151,9.079999999999927,3854.888,3867.1451500000003,0.0,0.0
95,2024-05-28 09:30:00,3874.615,3887.0,3872.65,3880.295,4538.6991,14.349999999999909,3857.349625,3866.8229000000006,0.0,0.0
96,2024-05-28 09:45:00,3880.765,3893.5,3881.0,3885.625,3983.6045,13.204999999999927,3859.9518749999997,3866.64595,0.0,0.0
97,2024-05-28 10:00:00,3884.0,3923.27,3878.6,3899.8475000000003,9858.9993,44.67000000000007,3862.856875,3866.8294,0.0,0.0
98,2024-05-28 10:15:00,3898.76,3931.09,3910.5,3917.775,6676.8458,31.242499999999836,3866.4486249999995,3867.41625,0.0,0.0
99,2024-05-28 10:30:00,3914.755,3919.16,3893.8,3905.085,5226.6086,25.359999999999673,3869.1701249999996,3867.74255,0.0,0.0
100,2024-05-28 10:45:00,3903.69,3907.0,3894.08,3898.695,2278.0672,12.920000000000073,3871.2841250000006,3867.8556,0.0,0.0
101,2024-05-28 11:00:00,3896.85,3908.7,3892.03,3901.5,2307.314,16.669999999999618,3873.3841250000005,3867.9898000000003,0.0,0.0
102,2024-05-28 11:15:00,3902.635,3913.88,3901.5,3905.8575,3331.3964,12.38000000000011,3875.8746250000004,3868.3302499999995,0.0,0.0
103,2024-05-28 11:30:00,3904.0249999999996,3904.97,3890.15,3899.8725,4564.2318,15.707499999999982,3878.174375,3868.5665499999996,0.0,0.0
104,2024-05-28 11:45:00,3902.185,3910.43,3896.5,3903.3825,4634.0891,13.929999999999836,3880.3806250000002,3868.8983999999996,0.0,0.0
105,2024-05-28 12:00:00,3903.3,3904.5,3892.1,3898.62,2629.8784,12.400000000000091,3882.597,3869.09975,0.0,0.0
106,2024-05-28 12:15:00,3898.94,3903.0,3893.0,3897.6375,1932.3735,10.0,3885.0205,3869.1634500000005,0.0,0.0
107,2024-05-28 12:30:00,3897.275,3911.62,3896.2,3901.4,2933.863,15.420000000000073,3887.628625,3869.39,0.0,0.0
108,2024-05-28 12:45:00,3898.8900000000003,3906.36,3891.2,3896.8575,4968.9846,15.16000000000031,3889.9365,3869.6144,0.0,0.0
109,2024-05-28 13:00:00,3894.9350000000004,3899.94,3877.14,3889.295,4750.0982,22.800000000000182,3891.7833750000004,3869.77305,0.0,0.0
110,2024-05-28 13:15:00,3890.05,3912.0,3887.0,3898.2525,5458.3237,25.0,3893.5729999999994,3870.23035,0.0,0.0
111,2024-05-28 13:30:00,3897.005,3909.32,3870.07,3891.85,9318.6167,39.25,3894.838875,3870.4113,0.0,0.0
112,2024-05-28 13:45:00,3894.005,3881.51,3853.0,3869.17,10269.7654,38.84999999999991,3894.552375,3870.08075,0.0,1.0
113,2024-05-28 14:00:00,3871.085,3878.0,3849.33,3866.12,9194.5257,28.670000000000073,3894.0557499999995,3869.6073000000006,0.0,0.0
114,2024-05-28 14:15:00,3868.575,3884.49,3865.82,3874.3275,6470.9282,18.669999999999618,3894.07325,3869.8228,0.0,0.0
115,2024-05-28 14:30:00,3873.5,3876.26,3844.29,3861.2700000000004,6668.0674,31.970000000000255,3893.1220000000003,3870.1243000000004,0.0,0.0
116,2024-05-28 14:45:00,3862.265,3862.61,3841.05,3853.545,4437.912,21.559999999999945,3891.518,3870.0231,0.0,0.0
117,2024-05-28 15:00:00,3855.26,3863.62,3835.73,3851.4775,7469.9092,27.889999999999873,3889.0995000000003,3869.7564,0.0,0.0
118,2024-05-28 15:15:00,3853.2799999999997,3850.38,3831.29,3842.1850000000004,8728.3244,20.1875,3885.3200000000006,3869.32565,0.0,0.0
119,2024-05-28 15:30:00,3843.535,3853.81,3833.0,3843.1375,7287.2325,20.809999999999945,3882.222625,3869.0562000000004,0.0,0.0
120,2024-05-28 15:45:00,3842.87,3871.23,3847.78,3857.0875,3726.2911,28.0925000000002,3880.14225,3869.1873500000006,0.0,0.0
121,2024-05-28 16:00:00,3854.67,3869.14,3854.5,3860.855,5927.3329,14.639999999999873,3878.1099999999997,3869.5847,0.0,0.0
122,2024-05-28 16:15:00,3859.89,3859.0,3833.19,3846.0325000000003,4868.3837,27.664999999999964,3875.11875,3869.6419,0.0,0.0
123,2024-05-28 16:30:00,3845.9700000000003,3838.0,3820.31,3828.625,8064.6344,25.72250000000031,3871.556375,3869.2589999999996,0.0,0.0
124,2024-05-28 16:45:00,3828.0950000000003,3835.0,3820.04,3825.92,3494.326,14.960000000000036,3867.6832500000005,3868.9872000000005,0.0,0.0
125,2024-05-28 17:00:00,3824.32,3841.32,3818.48,3831.41,4541.0061,22.840000000000146,3864.3227500000003,3868.9941500000004,0.0,0.0
126,2024-05-28 17:15:00,3832.92,3840.5,3831.5,3837.6575000000003,2197.7868,9.090000000000146,3861.3237500000005,3869.0757,0.0,0.0
127,2024-05-28 17:30:00,3839.3149999999996,3846.1,3832.5,3839.6049999999996,2298.2925,13.599999999999909,3858.2340000000004,3869.0328499999996,0.0,0.0
128,2024-05-28 17:45:00,3839.91,3842.0,3823.87,3833.0925,4029.7779,18.13000000000011,3855.04575,3868.7758999999996,0.0,0.0
129,2024-05-28 18:00:00,3833.25,3838.46,3824.02,3831.5125,1665.7722,14.440000000000055,3852.1566249999996,3868.39305,0.0,0.0
130,2024-05-28 18:15:00,3831.785,3840.5,3833.5,3837.6425,1883.6981,8.987500000000182,3849.1261250000002,3868.0175999999997,0.0,0.0
131,2024-05-28 18:30:00,3838.285,3838.12,3775.49,3808.4825,18668.7645,62.63000000000011,3844.95775,3866.99725,0.0,0.0
132,2024-05-28 18:45:00,3810.16,3801.07,3773.9,3789.2925,10316.4715,34.58249999999998,3840.963875,3865.66215,0.0,0.0
133,2024-05-28 19:00:00,3791.1,3817.63,3795.19,3806.595,8642.0209,28.33750000000009,3837.987625,3864.7165000000005,0.0,0.0
134,2024-05-28 19:15:00,3806.7799999999997,3824.79,3809.2,3816.7450000000003,3408.2744,18.195000000000164,3835.1085000000007,3863.86625,0.0,0.0
135,2024-05-28 19:30:00,3816.495,3833.33,3815.01,3824.76,3853.0431,18.31999999999971,3833.2830000000004,3863.2756,0.0,0.0
136,2024-05-28 19:45:00,3825.35,3847.95,3827.0,3836.7574999999997,4567.8864,23.1899999999996,3832.443625,3863.0274,0.0,0.0
137,2024-05-28 20:00:00,3836.04,3846.4,3834.11,3841.8150000000005,2368.9499,12.289999999999964,3831.9604999999997,3862.8789500000003,0.0,0.0
138,2024-05-28 20:15:00,3843.375,3850.0,3836.5,3842.3125,2329.9395,13.5,3831.9668749999996,3862.7111999999997,0.0,0.0
139,2024-05-28 20:30:00,3841.375,3843.18,3835.0,3838.145,1454.7506,8.179999999999836,3831.71725,3862.42695,0.0,0.0
140,2024-05-28 20:45:00,3837.2,3837.61,3823.0,3832.8075000000003,1774.0745,15.144999999999982,3830.50325,3861.8339,0.0,0.0
141,2024-05-28 21:00:00,3835.3100000000004,3836.65,3827.11,3833.3125,1721.8933,9.539999999999964,3829.126125,3861.1695,0.0,0.0
142,2024-05-28 21:15:00,3834.745,3852.1,3836.48,3841.74,1937.382,18.78749999999991,3828.9114999999997,3860.5063,0.0,0.0
143,2024-05-28 21:30:00,3839.1899999999996,3847.0,3839.79,3842.42,913.1128,7.210000000000036,3829.6012499999997,3859.8336500000005,0.0,0.0
144,2024-05-28 21:45:00,3841.4449999999997,3848.2,3840.0,3843.1575000000003,896.0981,8.199999999999818,3830.4631249999998,3859.21725,0.0,0.0
145,2024-05-28 22:00:00,3842.215,3860.88,3842.53,3850.265,4379.8795,18.34999999999991,3831.4058749999995,3858.61665,1.0,0.0
146,2024-05-28 22:15:00,3848.825,3861.96,3850.1,3856.7700000000004,6495.6177,11.860000000000127,3832.3615,3858.0395499999995,0.0,0.0
147,2024-05-28 22:30:00,3857.51,3863.2,3855.09,3860.0425,6358.8586,8.109999999999673,3833.383375,3857.24345,0.0,0.0
148,2024-05-28 22:45:00,3860.94,3864.85,3857.65,3861.6425,5495.04,7.199999999999818,3834.810875,3856.1208,0.0,0.0
149,2024-05-28 23:00:00,3862.035,3871.76,3851.56,3860.2625,2984.8405,20.200000000000273,3836.248375,3855.22435,0.0,0.0
150,2024-05-28 23:15:00,3858.865,3855.18,3851.06,3854.0375,1150.7289,9.202499999999873,3837.0681250000002,3854.3312,0.0,0.0
151,2024-05-28 23:30:00,3854.955,3855.24,3847.0,3852.04,1401.4705,8.239999999999782,3839.246,3853.342,0.0,0.0
152,2024-05-28 23:45:00,3852.96,3850.75,3841.6,3846.9475,1341.8191,10.440000000000055,3842.1287500000008,3852.1638000000003,0.0,1.0
153,2024-05-29 00:00:00,3847.7200000000003,3848.25,3842.25,3845.6775000000002,1096.6438,6.0,3844.082875,3851.0799000000006,0.0,0.0
154,2024-05-29 00:15:00,3846.105,3851.4,3843.36,3847.7200000000003,1535.0144,8.039999999999964,3845.6316249999995,3849.9666500000003,0.0,0.0
155,2024-05-29 00:30:00,3848.06,3855.19,3847.04,3849.68,940.6397,8.150000000000091,3846.877625,3848.9878500000004,0.0,0.0
156,2024-05-29 00:45:00,3848.245,3850.8,3842.8,3847.5200000000004,816.2641,8.0,3847.41575,3847.9855,0.0,0.0
157,2024-05-29 01:00:00,3848.24,3854.58,3844.71,3848.1524999999997,2117.6809,9.86999999999989,3847.7326250000006,3846.92055,0.0,0.0
158,2024-05-29 01:15:00,3846.66,3849.44,3836.16,3843.305,3045.6029,13.2800000000002,3847.78225,3845.8495000000003,0.0,0.0
159,2024-05-29 01:30:00,3843.81,3850.7,3835.15,3844.5875,2348.2773,15.549999999999727,3848.1043750000003,3844.95535,0.0,0.0
160,2024-05-29 01:45:00,3846.25,3852.99,3841.03,3847.0075,1612.5956,11.959999999999582,3848.8143750000004,3843.9304500000003,0.0,0.0
161,2024-05-29 02:00:00,3847.005,3844.78,3836.04,3841.9325,2420.2212,10.9675000000002,3849.245375,3842.9321,0.0,0.0
162,2024-05-29 02:15:00,3843.455,3861.99,3840.0,3851.2625,3794.2669,21.98999999999978,3849.7215000000006,3842.5739499999995,0.0,0.0
163,2024-05-29 02:30:00,3851.5299999999997,3862.41,3846.18,3854.27,2652.9795,16.230000000000018,3850.314,3842.33695,0.0,0.0
164,2024-05-29 02:45:00,3854.245,3855.0,3846.41,3849.19,1610.4615,8.590000000000146,3850.615625,3841.8342000000002,0.0,0.0
165,2024-05-29 03:00:00,3847.675,3856.6,3847.29,3851.25,1909.1372,9.309999999999945,3850.664875,3841.6338,0.0,0.0
166,2024-05-29 03:15:00,3850.555,3861.59,3846.63,3852.8875,3133.407,14.960000000000036,3850.4707499999995,3841.62065,0.0,0.0
167,2024-05-29 03:30:00,3851.665,3860.7,3844.0,3852.085,4234.0356,16.699999999999818,3850.0728750000003,3841.6328,0.0,0.0
168,2024-05-29 03:45:00,3851.8199999999997,3856.0,3848.0,3852.25,2708.0101,8.0,3849.60325,3841.8340999999996,0.0,0.0
169,2024-05-29 04:00:00,3852.5,3861.4,3847.22,3855.2499999999995,2155.8014,14.180000000000291,3849.3526250000004,3842.0763499999994,0.0,0.0
170,2024-05-29 04:15:00,3856.1899999999996,3888.55,3856.86,3872.7200000000003,14210.5291,33.30000000000064,3850.28675,3842.3889999999997,1.0,0.0
171,2024-05-29 04:30:00,3872.7349999999997,3884.15,3867.79,3876.24,3486.9087,16.360000000000127,3851.49675,3842.6967000000004,0.0,0.0
172,2024-05-29 04:45:00,3876.51,3875.28,3862.59,3869.6500000000005,2130.631,13.649999999999636,3852.631875,3843.1690500000004,0.0,0.0
173,2024-05-29 05:00:00,3870.365,3873.5,3861.32,3867.2075,1989.1145,12.179999999999836,3853.7083750000006,3843.9407,0.0,0.0
174,2024-05-29 05:15:00,3867.005,3871.35,3862.21,3866.1849999999995,1221.4179,9.139999999999873,3854.6316250000004,3844.7459999999996,0.0,0.0
175,2024-05-29 05:30:00,3865.59,3880.96,3868.95,3874.71,7852.2741,14.775000000000546,3855.8831249999994,3845.612,0.0,0.0
176,2024-05-29 05:45:00,3874.465,3881.64,3867.82,3874.4225,3158.7179,13.819999999999709,3857.22825,3846.3473,0.0,0.0
177,2024-05-29 06:00:00,3874.115,3871.91,3865.7,3868.0424999999996,3221.3964,8.72250000000031,3858.2227499999995,3846.9160500000003,0.0,0.0
178,2024-05-29 06:15:00,3867.2799999999997,3871.5,3864.31,3868.2825,1713.2067,7.190000000000055,3859.4716249999997,3847.6198500000005,0.0,0.0
179,2024-05-29 06:30:00,3868.66,3871.0,3861.2,3866.7825,1611.189,9.800000000000182,3860.5813749999993,3848.3252500000003,0.0,0.0
180,2024-05-29 06:45:00,3867.465,3864.6,3856.36,3860.7825,1636.4688,10.422499999999673,3861.270125,3848.7880500000006,0.0,0.0
181,2024-05-29 07:00:00,3861.085,3859.92,3843.78,3852.4675,4225.9083,17.0024999999996,3861.796875,3849.66775,0.0,1.0
182,2024-05-29 07:15:00,3853.085,3856.0,3831.0,3842.2525,4657.7865,25.0,3861.3463749999996,3850.72695,0.0,0.0
183,2024-05-29 07:30:00,3841.005,3840.0,3829.0,3835.7675,2443.0679,13.252500000000055,3860.4212500000003,3851.3104,0.0,0.0
184,2024-05-29 07:45:00,3837.035,3840.71,3818.48,3829.795,6868.0323,22.230000000000018,3859.4515,3851.5714000000003,0.0,0.0
185,2024-05-29 08:00:00,3829.995,3827.05,3787.28,3807.295,12544.8326,42.51499999999987,3857.25375,3851.2221000000004,0.0,0.0
186,2024-05-29 08:15:00,3807.425,3805.0,3781.0,3796.2999999999997,10476.6492,26.295000000000073,3854.424375,3850.4129500000004,0.0,0.0
187,2024-05-29 08:30:00,3799.6,3809.14,3791.5,3801.89,4535.8415,17.639999999999873,3851.914625,3849.61445,0.0,0.0
188,2024-05-29 08:45:00,3803.46,3806.66,3792.76,3800.7525,2528.7592,13.899999999999636,3849.33975,3848.78325,0.0,0.0
189,2024-05-29 09:00:00,3801.795,3817.38,3796.09,3804.98,7813.4627,21.289999999999964,3846.8262499999996,3848.11995,0.0,0.0
190,2024-05-29 09:15:00,3803.2250000000004,3812.0,3792.43,3802.655,3312.7358,19.570000000000164,3843.3229999999994,3847.5169,0.0,0.0
191,2024-05-29 09:30:00,3803.0950000000003,3810.52,3792.72,3802.885,2433.4568,17.800000000000182,3839.6552500000007,3846.9083499999997,0.0,0.0
192,2024-05-29 09:45:00,3804.15,3814.32,3802.98,3807.61,2497.2276,11.434999999999945,3836.55325,3846.22575,0.0,0.0
193,2024-05-29 10:00:00,3806.57,3821.0,3803.01,3812.4075000000003,3540.0692,17.98999999999978,3833.81325,3845.6255,0.0,0.0
194,2024-05-29 10:15:00,3812.81,3820.8,3813.43,3818.6349999999998,1664.4265,8.392499999999927,3831.4357499999996,3845.1350499999994,0.0,0.0
195,2024-05-29 10:30:00,3820.1549999999997,3820.32,3811.0,3817.035,1648.5399,9.320000000000164,3828.5520000000006,3844.47045,0.0,0.0
196,2024-05-29 10:45:00,3818.41,3825.36,3816.25,3820.7575,1943.8207,9.110000000000127,3825.86875,3843.7502000000004,0.0,0.0
197,2024-05-29 11:00:00,3820.71,3826.06,3816.67,3822.31,2730.2326,9.389999999999873,3823.582125,3842.99555,0.0,0.0
198,2024-05-29 11:15:00,3823.255,3828.88,3820.49,3824.93,1540.1907,8.390000000000327,3821.4145000000003,3842.2612999999997,0.0,0.0
199,2024-05-29 11:30:00,3825.175,3828.77,3814.0,3822.4950000000003,2274.1307,14.769999999999982,3819.2001250000003,3841.50595,0.0,0.0
200,2024-05-29 11:45:00,3823.605,3825.69,3808.45,3815.9325,2609.7631,17.240000000000236,3816.957625,3840.7438500000003,0.0,0.0
201,2024-05-29 12:00:00,3814.795,3822.1,3810.6,3816.4875,2243.8191,11.5,3815.158625,3840.0327999999995,0.0,0.0
202,2024-05-29 12:15:00,3816.625,3828.87,3809.2,3818.5875,2691.0834,19.670000000000073,3813.9753750000004,3839.4656,0.0,0.0
203,2024-05-29 12:30:00,3818.1400000000003,3815.49,3794.0,3807.9649999999997,4209.7167,24.58750000000009,3812.58525,3838.7113499999996,0.0,0.0
204,2024-05-29 12:45:00,3811.185,3825.56,3804.1,3813.3075,4228.9023,21.460000000000036,3811.760875,3838.0231,0.0,0.0
205,2024-05-29 13:00:00,3811.785,3835.0,3810.61,3824.005,2689.7906,24.389999999999873,3812.596375,3837.5095999999994,0.0,0.0
206,2024-05-29 13:15:00,3825.205,3838.83,3796.0,3817.4575,12353.9542,42.82999999999993,3813.6542500000005,3836.90835,0.0,0.0
207,2024-05-29 13:30:00,3817.5,3804.7,3782.8,3795.4375,7836.0872,34.6574999999998,3813.3316250000003,3835.8540500000004,0.0,0.0
208,2024-05-29 13:45:00,3797.125,3800.54,3780.2,3793.2574999999997,4565.3072,20.340000000000146,3812.956875,3834.8531,0.0,0.0
209,2024-05-29 14:00:00,3796.145,3802.94,3790.01,3796.285,3379.8622,12.929999999999836,3812.5221250000004,3833.8870499999994,0.0,0.0
210,2024-05-29 14:15:00,3796.0950000000003,3799.19,3763.38,3782.1875000000005,9242.0698,35.809999999999945,3811.49875,3832.5906499999996,0.0,0.0
211,2024-05-29 14:30:00,3783.09,3788.15,3765.32,3777.2075,7070.7598,22.829999999999927,3810.214875,3831.29615,0.0,0.0
212,2024-05-29 14:45:00,3777.6800000000003,3788.88,3778.2,3782.1499999999996,1993.1349,11.672500000000127,3808.9418749999995,3829.9139,0.0,0.0
213,2024-05-29 15:00:00,3780.76,3781.79,3771.12,3777.68,2696.6518,11.029999999999745,3807.205499999999,3828.3821,0.0,0.0
214,2024-05-29 15:15:00,3778.9049999999997,3799.56,3755.01,3774.5475,8532.1771,44.54999999999973,3805.001125,3826.8892499999997,0.0,0.0
215,2024-05-29 15:30:00,3771.81,3771.19,3750.6,3763.2425,8409.1332,23.94750000000022,3802.3115,3825.1290999999997,0.0,0.0
216,2024-05-29 15:45:00,3765.59,3770.39,3753.71,3762.7774999999997,5059.515,16.679999999999836,3799.4125,3823.3269,0.0,0.0
217,2024-05-29 16:00:00,3763.505,3760.0,3744.41,3753.9175,8422.8766,18.367499999999836,3795.992875,3821.3635500000005,0.0,0.0
218,2024-05-29 16:15:00,3755.63,3767.97,3749.04,3754.6024999999995,5338.2589,18.929999999999836,3792.4764999999998,3819.4106,0.0,0.0
219,2024-05-29 16:30:00,3750.7,3764.38,3748.97,3756.635,5042.1401,15.41000000000031,3789.1835,3817.4383000000003,0.0,0.0
220,2024-05-29 16:45:00,3756.5950000000003,3770.58,3759.09,3764.3075,2122.3166,13.944999999999709,3786.602250000001,3815.27005,0.0,0.0
221,2024-05-29 17:00:00,3763.7799999999997,3767.04,3755.4,3762.2225000000003,1349.867,11.639999999999873,3783.889,3812.9896999999996,0.0,0.0
222,2024-05-29 17:15:00,3763.2250000000004,3765.12,3751.27,3760.8225,1977.56,13.849999999999909,3781.00075,3810.81315,0.0,0.0
223,2024-05-29 17:30:00,3763.45,3780.0,3762.32,3768.7000000000003,2852.8724,19.17749999999978,3779.0375,3808.843,0.0,0.0
224,2024-05-29 17:45:00,3766.24,3769.0,3750.82,3763.45,2529.606,18.179999999999836,3776.544625,3806.7883,0.0,0.0
225,2024-05-29 18:00:00,3766.99,3769.75,3753.73,3761.57,1790.0877,16.019999999999982,3773.422875,3804.5254999999997,0.0,0.0
226,2024-05-29 18:15:00,3761.3999999999996,3764.48,3751.0,3756.185,2215.3126,13.480000000000018,3770.35925,3802.16075,0.0,0.0
227,2024-05-29 18:30:00,3754.63,3760.75,3745.95,3754.5,2270.4464,14.800000000000182,3768.312375,3799.8899,0.0,0.0
228,2024-05-29 18:45:00,3755.6499999999996,3762.27,3752.25,3757.8650000000002,1835.0544,10.019999999999982,3766.5427499999996,3797.68155,0.0,0.0
229,2024-05-29 19:00:00,3758.4700000000003,3767.0,3753.59,3761.4675,1689.6543,13.409999999999854,3764.801875,3795.57525,0.0,0.0
230,2024-05-29 19:15:00,3762.6400000000003,3772.0,3760.57,3767.4325,1386.921,11.429999999999836,3764.064125,3793.7082499999997,0.0,0.0
231,2024-05-29 19:30:00,3768.58,3770.51,3753.1,3761.9775,726.2755,17.41000000000031,3763.3026249999994,3791.8984499999997,0.0,0.0
232,2024-05-29 19:45:00,3762.15,3758.35,3747.64,3752.4449999999997,2896.322,14.337500000000091,3761.817375,3790.1023,0.0,0.0
233,2024-05-29 20:00:00,3751.895,3757.94,3742.59,3751.3425,4174.022,15.349999999999909,3760.5005000000006,3788.4138000000003,0.0,0.0
234,2024-05-29 20:15:00,3752.42,3757.68,3745.8,3752.7200000000003,2567.8295,11.879999999999654,3759.4091250000006,3786.8723,0.0,0.0
235,2024-05-29 20:30:00,3753.7,3757.51,3751.4,3753.81,1424.9675,6.110000000000127,3758.9375,3785.8026,0.0,0.0
236,2024-05-29 20:45:00,3753.165,3759.82,3750.38,3754.4725000000003,2085.1778,9.440000000000055,3758.5222500000004,3784.96605,0.0,0.0
237,2024-05-29 21:00:00,3753.8450000000003,3755.38,3749.2,3753.08,1331.9203,6.180000000000291,3758.4803750000005,3783.98985,0.0,0.0
238,2024-05-29 21:15:00,3753.87,3767.96,3751.22,3757.8325,4002.9827,16.740000000000236,3758.641875,3783.1314500000003,0.0,0.0
239,2024-05-29 21:30:00,3756.075,3778.52,3755.5,3766.61,3469.1603,23.019999999999982,3759.140625,3782.3640499999997,1.0,0.0
240,2024-05-29 21:45:00,3766.21,3792.99,3774.41,3779.875,5220.3588,26.379999999999654,3759.9190000000003,3781.90845,0.0,0.0
241,2024-05-29 22:00:00,3776.05,3780.0,3765.96,3773.0600000000004,2767.3639,14.039999999999964,3760.4608749999998,3781.3119500000003,0.0,0.0
242,2024-05-29 22:15:00,3773.1400000000003,3789.71,3768.32,3778.7200000000003,2436.9406,21.389999999999873,3761.3557499999997,3780.7341499999998,0.0,0.0
243,2024-05-29 22:30:00,3778.425,3789.79,3781.78,3786.29,1281.3804,11.069999999999709,3762.23525,3780.2118,0.0,0.0
244,2024-05-29 22:45:00,3786.795,3787.37,3776.99,3782.2574999999997,1876.6634,10.38000000000011,3763.175625,3779.4842500000004,0.0,0.0
245,2024-05-29 23:00:00,3782.335,3788.55,3778.69,3782.5975,2333.6827,9.860000000000127,3764.227,3778.7955000000006,0.0,0.0
246,2024-05-29 23:15:00,3781.575,3788.0,3781.36,3783.9,1452.6304,6.639999999999873,3765.6127500000002,3778.0583500000002,0.0,0.0
247,2024-05-29 23:30:00,3783.12,3782.72,3771.6,3777.3325,1879.5843,12.300000000000182,3766.7543749999995,3777.1588,0.0,0.0
248,2024-05-29 23:45:00,3777.505,3775.42,3763.93,3769.84,2155.6072,13.402500000000146,3767.353125,3776.0570000000002,0.0,1.0
249,2024-05-30 00:00:00,3770.005,3779.0,3766.09,3771.96,1802.7939,12.909999999999854,3767.8777500000006,3775.0463,0.0,0.0
250,2024-05-30 00:15:00,3771.375,3782.77,3773.13,3776.7725,1320.6186,10.809999999999945,3768.34475,3774.2631,0.0,0.0
251,2024-05-30 00:30:00,3775.5950000000003,3775.89,3766.66,3772.0049999999997,1265.0972,10.112500000000182,3768.846125,3773.3734500000005,0.0,0.0
252,2024-05-30 00:45:00,3772.7349999999997,3772.34,3751.9,3762.955,2787.8381,20.440000000000055,3769.3716249999998,3772.2608,0.0,0.0
253,2024-05-30 01:00:00,3763.79,3770.96,3750.75,3762.3375,2174.9534,20.210000000000036,3769.9213750000004,3771.34825,0.0,0.0
254,2024-05-30 01:15:00,3763.8199999999997,3772.0,3762.54,3767.8,1942.5315,9.662499999999909,3770.675375,3770.4381,0.0,0.0
255,2024-05-30 01:30:00,3768.33,3770.78,3761.5,3767.5,1904.321,9.2800000000002,3771.3598749999996,3769.3080000000004,0.0,0.0
256,2024-05-30 01:45:00,3768.8599999999997,3778.33,3766.8,3772.8525,1406.9419,11.529999999999745,3772.278875,3768.4158999999995,0.0,0.0
257,2024-05-30 02:00:00,3773.1400000000003,3784.18,3775.18,3778.0825,2639.2259,11.327499999999873,3773.5289999999995,3768.0688,0.0,0.0
258,2024-05-30 02:15:00,3776.485,3789.06,3777.42,3783.24,2201.4536,11.639999999999873,3774.799375,3767.86845,0.0,0.0
259,2024-05-30 02:30:00,3783.24,3791.78,3779.16,3785.75,2824.5214,12.620000000000346,3775.756375,3767.6577500000003,1.0,0.0
260,2024-05-30 02:45:00,3786.03,3784.14,3775.51,3780.62,1770.2961,10.239999999999782,3775.793625,3767.6264,0.0,0.0
261,2024-05-30 03:00:00,3781.415,3783.5,3777.08,3779.745,862.1456,6.420000000000073,3776.1278750000006,3767.6771499999995,0.0,0.0
262,2024-05-30 03:15:00,3779.2,3784.99,3778.26,3780.2425000000003,1275.0344,6.729999999999563,3776.204,3767.639,0.0,0.0
263,2024-05-30 03:30:00,3778.8599999999997,3789.86,3778.53,3783.325,2606.8359,11.329999999999927,3776.0557499999995,3767.7519,0.0,0.0
264,2024-05-30 03:45:00,3782.455,3797.79,3785.79,3790.1725,1377.7657,14.465000000000146,3776.4515,3768.0644,0.0,0.0
265,2024-05-30 04:00:00,3788.5550000000003,3793.6,3782.72,3787.79,2174.6171,10.88000000000011,3776.7111250000003,3768.5553499999996,0.0,0.0
266,2024-05-30 04:15:00,3787.42,3793.57,3783.53,3788.1575000000003,1341.6415,10.039999999999964,3776.9240000000004,3769.06295,0.0,0.0
267,2024-05-30 04:30:00,3787.7650000000003,3801.65,3788.34,3793.3175,1647.3963,13.492499999999836,3777.72325,3769.8509499999996,0.0,0.0
268,2024-05-30 04:45:00,3791.6400000000003,3792.0,3780.55,3786.6025000000004,917.9927,12.767499999999927,3778.561375,3770.4909500000003,0.0,0.0
269,2024-05-30 05:00:00,3786.9300000000003,3785.3,3772.33,3778.34,2156.4876,14.272500000000491,3778.8803749999997,3770.92505,0.0,0.0
270,2024-05-30 05:15:00,3777.865,3781.94,3770.72,3776.5474999999997,1264.4926,11.220000000000255,3778.8691249999997,3771.16985,0.0,0.0
271,2024-05-30 05:30:00,3776.7650000000003,3786.51,3776.75,3781.7325,1430.6197,9.962500000000546,3779.3555,3771.56005,0.0,0.0
272,2024-05-30 05:45:00,3781.835,3785.92,3779.45,3783.3150000000005,1026.5357,6.470000000000255,3780.3735,3772.0099,0.0,0.0
273,2024-05-30 06:00:00,3783.945,3786.0,3760.99,3774.15,3599.1672,25.01000000000022,3780.964125,3772.1189,0.0,0.0
274,2024-05-30 06:15:00,3774.8050000000003,3773.17,3753.0,3763.275,2704.2323,21.15000000000009,3780.7378750000003,3772.1153999999997,0.0,1.0
275,2024-05-30 06:30:00,3763.465,3761.93,3745.12,3757.1675000000005,6376.5164,18.1550000000002,3780.22125,3772.02735,0.0,0.0
276,2024-05-30 06:45:00,3760.81,3762.63,3734.0,3749.1675,5615.358,28.63000000000011,3779.0370000000003,3771.887,0.0,0.0
277,2024-05-30 07:00:00,3750.02,3749.76,3728.63,3740.2775,10885.6449,21.13000000000011,3777.14675,3771.60255,0.0,0.0
278,2024-05-30 07:15:00,3741.3599999999997,3746.55,3731.76,3740.675,4664.5714,14.789999999999964,3775.0185000000006,3771.25875,0.0,0.0
279,2024-05-30 07:30:00,3742.1949999999997,3751.53,3737.94,3745.7500000000005,2059.7316,13.590000000000146,3773.0185000000006,3770.9444,0.0,0.0
280,2024-05-30 07:45:00,3746.7650000000003,3755.55,3712.73,3735.0325,9098.1516,42.820000000000164,3770.739125000001,3770.2964,0.0,0.0
281,2024-05-30 08:00:00,3735.925,3723.77,3702.61,3712.3325000000004,7226.7354,32.42249999999967,3767.3684999999996,3769.3035000000004,0.0,0.0
282,2024-05-30 08:15:00,3711.4750000000004,3715.9,3702.58,3708.64,4116.0723,13.320000000000164,3763.788375,3768.4274,0.0,0.0
283,2024-05-30 08:30:00,3708.04,3725.23,3713.2,3718.625,3284.5891,16.590000000000146,3760.5533750000004,3767.77305,0.0,0.0
284,2024-05-30 08:45:00,3718.035,3737.5,3716.1,3727.9975000000004,3035.3979,21.40000000000009,3757.444625000001,3767.2785999999996,0.0,0.0
285,2024-05-30 09:00:00,3729.195,3737.96,3728.06,3734.6475,2263.4751,9.962499999999636,3754.7875,3766.8953500000002,1.0,0.0
286,2024-05-30 09:15:00,3736.285,3736.78,3722.49,3730.165,1972.1442,14.290000000000418,3751.8878750000003,3766.4092,0.0,0.0
287,2024-05-30 09:30:00,3730.695,3730.58,3717.76,3724.7650000000003,2082.9911,12.819999999999709,3748.460250000001,3765.8429000000006,0.0,0.0
288,2024-05-30 09:45:00,3725.36,3734.71,3724.43,3729.935,1554.8099,10.2800000000002,3745.6268750000004,3765.2849499999998,0.0,0.0
289,2024-05-30 10:00:00,3730.3,3735.6,3720.73,3728.7475,5083.0866,14.86999999999989,3743.1472500000004,3764.5277,0.0,0.0
290,2024-05-30 10:15:00,3729.33,3728.78,3715.0,3723.3500000000004,3226.3362,13.7800000000002,3740.4873749999997,3763.3972000000003,0.0,0.0
291,2024-05-30 10:30:00,3724.81,3740.92,3725.45,3732.7625,2715.2097,17.56999999999971,3738.0388750000006,3762.59125,0.0,0.0
292,2024-05-30 10:45:00,3732.34,3743.61,3734.66,3739.7575,1670.6741,10.84750000000031,3735.861,3761.812,0.0,0.0
293,2024-05-30 11:00:00,3740.38,3754.32,3741.0,3746.37,3380.5592,14.5625,3734.472,3761.0135999999998,0.0,0.0
294,2024-05-30 11:15:00,3745.08,3757.25,3740.62,3750.245,2714.0692,16.63000000000011,3733.8205000000003,3760.37335,0.0,0.0
295,2024-05-30 11:30:00,3751.555,3754.93,3742.93,3749.6325,3439.0464,12.0,3733.44375,3759.7140499999996,0.0,0.0
296,2024-05-30 11:45:00,3750.335,3746.78,3733.4,3740.84,1979.358,16.232500000000073,3733.027375,3758.8528499999998,0.0,0.0
297,2024-05-30 12:00:00,3741.59,3745.75,3733.39,3739.9775,1782.643,12.360000000000127,3733.012375,3758.10575,0.0,0.0
298,2024-05-30 12:15:00,3740.385,3754.8,3741.0,3748.29,2026.2328,14.822500000000218,3733.3931249999996,3757.67475,0.0,0.0
299,2024-05-30 12:30:00,3748.6800000000003,3766.8,3744.05,3756.1525,7152.995,22.75,3733.91325,3757.3586,0.0,0.0
300,2024-05-30 12:45:00,3756.88,3771.61,3757.21,3763.5675,3735.7521,15.457499999999982,3735.3399999999992,3757.0945,0.0,0.0
301,2024-05-30 13:00:00,3762.725,3775.0,3762.63,3769.4775,3364.9461,12.36999999999989,3738.19725,3757.0439499999998,0.0,0.0
302,2024-05-30 13:15:00,3770.14,3781.7,3771.2,3774.9525,3087.5947,12.222499999999854,3741.5128750000003,3757.2839000000004,0.0,0.0
303,2024-05-30 13:30:00,3773.455,3774.43,3760.48,3769.61,3349.1307,14.472499999999854,3744.0621250000004,3757.42935,0.0,0.0
304,2024-05-30 13:45:00,3771.7650000000003,3794.84,3771.6,3781.65,4922.7578,25.230000000000018,3746.7447499999994,3757.70635,0.0,0.0
305,2024-05-30 14:00:00,3780.08,3798.97,3776.19,3785.5275,4879.4954,22.779999999999745,3749.2887500000006,3758.0669,0.0,0.0
306,2024-05-30 14:15:00,3783.4750000000004,3794.48,3777.84,3783.2700000000004,3083.8841,16.639999999999873,3751.9440000000004,3758.27525,0.0,0.0
307,2024-05-30 14:30:00,3780.38,3787.77,3769.07,3778.19,2664.0581,18.699999999999818,3754.61525,3758.2774,0.0,0.0
308,2024-05-30 14:45:00,3777.96,3778.12,3762.0,3770.2225,3088.5258,16.190000000000055,3756.629625,3758.0170500000004,0.0,0.0
309,2024-05-30 15:00:00,3770.385,3772.68,3756.12,3766.1,2516.5236,16.559999999999945,3758.4972499999994,3757.6240500000004,0.0,0.0
310,2024-05-30 15:15:00,3767.8,3781.53,3768.0,3773.2875000000004,1842.4128,15.430000000000291,3760.994125,3757.4774000000007,0.0,0.0
311,2024-05-30 15:30:00,3771.81,3786.66,3770.0,3777.1049999999996,3023.5917,16.659999999999854,3763.2112499999994,3757.4246000000003,0.0,0.0
312,2024-05-30 15:45:00,3775.88,3781.79,3775.72,3777.545,1769.3769,6.070000000000164,3765.100625,3757.37065,0.0,0.0
313,2024-05-30 16:00:00,3776.335,3785.59,3772.84,3777.8849999999998,2140.9315,12.75,3766.676375,3757.26185,0.0,0.0
314,2024-05-30 16:15:00,3776.555,3779.19,3769.81,3775.1,1589.8365,9.38000000000011,3767.9191249999994,3756.9604,0.0,0.0
315,2024-05-30 16:30:00,3775.7,3779.7,3773.47,3775.925,1335.065,6.230000000000018,3769.2337500000003,3756.7231000000006,0.0,0.0
316,2024-05-30 16:45:00,3775.2650000000003,3788.55,3775.34,3782.105,1734.8685,13.210000000000036,3771.297,3756.60205,0.0,0.0
317,2024-05-30 17:00:00,3782.2650000000003,3791.56,3778.91,3786.5325,3388.7127,12.650000000000091,3773.62475,3756.46635,0.0,0.0
318,2024-05-30 17:15:00,3787.83,3817.75,3785.03,3800.7625000000003,6776.9085,32.7199999999998,3776.248375,3756.74955,0.0,0.0
319,2024-05-30 17:30:00,3800.135,3825.35,3812.22,3816.6425,4977.3324,24.587499999999636,3779.2728749999997,3757.5156,0.0,0.0
320,2024-05-30 17:45:00,3814.5,3816.97,3809.33,3813.555,2742.166,7.639999999999873,3781.7722500000004,3758.2557499999994,0.0,0.0
321,2024-05-30 18:00:00,3813.96,3815.0,3796.35,3805.79,2140.4999,18.65000000000009,3783.5878749999997,3758.7369,0.0,0.0
322,2024-05-30 18:15:00,3805.9049999999997,3816.5,3794.16,3804.4399999999996,3326.9738,22.340000000000146,3785.06225,3759.1594,0.0,0.0
323,2024-05-30 18:30:00,3803.55,3818.03,3798.52,3809.315,7094.5035,19.51000000000022,3787.0474999999997,3759.8627,0.0,0.0
324,2024-05-30 18:45:00,3810.3549999999996,3819.8,3811.33,3815.055,2733.1363,10.485000000000127,3788.7177500000007,3760.8983000000003,0.0,0.0
325,2024-05-30 19:00:00,3814.545,3816.5,3805.04,3810.885,1297.0542,11.460000000000036,3789.985625,3761.97265,0.0,0.0
326,2024-05-30 19:15:00,3811.0,3809.0,3781.4,3795.4849999999997,5148.2794,29.485000000000127,3790.596375,3762.8989999999994,0.0,1.0
327,2024-05-30 19:30:00,3795.77,3791.71,3763.0,3778.5175,7298.1853,32.48499999999967,3790.6127500000002,3763.6638000000003,0.0,0.0
328,2024-05-30 19:45:00,3779.6800000000003,3775.62,3752.24,3766.0175,3465.3969,26.277500000000146,3790.4025,3764.17065,0.0,0.0
329,2024-05-30 20:00:00,3768.105,3762.4,3720.0,3743.1375,9387.888,46.01749999999993,3789.2543750000004,3764.1184000000003,0.0,0.0
330,2024-05-30 20:15:00,3745.075,3747.57,3719.3,3735.0024999999996,3862.0843,28.269999999999982,3787.340125,3764.1178000000004,0.0,0.0
331,2024-05-30 20:30:00,3736.5699999999997,3749.14,3737.06,3744.145,2030.9794,14.137500000000273,3785.692125,3764.7540499999996,0.0,0.0
332,2024-05-30 20:45:00,3745.19,3745.41,3734.34,3740.7125,1169.8203,11.069999999999709,3783.8505000000005,3765.3955,0.0,0.0
333,2024-05-30 21:00:00,3741.55,3744.35,3734.33,3738.7974999999997,1219.7201,10.019999999999982,3781.896125,3765.7989500000003,0.0,0.0
334,2024-05-30 21:15:00,3738.255,3744.79,3736.81,3741.3,1236.1508,7.980000000000018,3780.2061249999997,3766.065,0.0,0.0
335,2024-05-30 21:30:00,3741.8,3754.4,3744.13,3748.5825,1189.2157,13.099999999999909,3778.839,3766.3437,0.0,0.0
336,2024-05-30 21:45:00,3747.9,3755.97,3747.05,3751.3500000000004,862.231,8.919999999999618,3777.3012499999995,3766.7673999999997,0.0,0.0
337,2024-05-30 22:00:00,3751.19,3754.07,3745.25,3749.9175,1691.4719,8.820000000000164,3775.4705000000004,3767.27045,0.0,0.0
338,2024-05-30 22:15:00,3750.175,3752.76,3746.5,3749.75,927.3042,6.260000000000218,3772.9198749999996,3767.66675,0.0,0.0
339,2024-05-30 22:30:00,3749.87,3750.79,3744.16,3748.395,1715.6878,6.630000000000109,3769.5075000000006,3768.0597,0.0,0.0
340,2024-05-30 22:45:00,3749.315,3751.3,3745.4,3748.0025,785.3515,5.900000000000091,3766.229875,3768.55275,0.0,0.0
341,2024-05-30 23:00:00,3747.6549999999997,3751.2,3744.77,3748.2124999999996,980.4727,6.429999999999836,3763.351,3768.8617500000005,0.0,0.0
342,2024-05-30 23:15:00,3748.4399999999996,3751.99,3746.82,3748.86,786.8559,5.169999999999618,3760.572,3769.0438,0.0,0.0
343,2024-05-30 23:30:00,3748.315,3750.83,3744.93,3747.5275,1886.2051,5.900000000000091,3757.4826249999996,3769.06695,0.0,0.0
344,2024-05-30 23:45:00,3747.175,3751.6,3745.41,3748.0225,952.9945,6.190000000000055,3754.131,3769.0225,0.0,0.0
345,2024-05-31 00:00:00,3747.54,3750.4,3745.03,3747.88,829.3418,5.369999999999891,3750.9807499999997,3768.98745,0.0,0.0
346,2024-05-31 00:15:00,3748.045,3752.09,3744.21,3748.2350000000006,1169.557,7.880000000000109,3748.6182499999995,3769.1353500000005,0.0,0.0
347,2024-05-31 00:30:00,3748.3199999999997,3751.95,3743.95,3748.3224999999998,1167.7001,8.0,3747.1085,3769.3022499999997,0.0,0.0
348,2024-05-31 00:45:00,3748.6949999999997,3753.0,3748.11,3750.6975,823.9278,4.889999999999873,3746.3424999999997,3769.3504,0.0,0.0
349,2024-05-31 01:00:00,3750.84,3766.35,3749.55,3757.425,2015.7204,16.799999999999727,3747.0568749999998,3769.3758500000004,1.0,0.0
350,2024-05-31 01:15:00,3756.9,3762.82,3748.69,3756.7850000000003,1868.3087,14.13000000000011,3748.1459999999997,3769.2401999999997,0.0,0.0
351,2024-05-31 01:30:00,3757.815,3760.34,3750.57,3754.115,1124.229,9.769999999999982,3748.6445,3768.9329500000003,0.0,0.0
352,2024-05-31 01:45:00,3752.7749999999996,3751.49,3740.45,3747.8475,1642.3697,13.664999999999964,3749.00125,3768.3908500000002,0.0,0.0
353,2024-05-31 02:00:00,3749.725,3759.2,3746.5,3753.3075,1885.4133,12.699999999999818,3749.7267500000003,3768.0648000000006,0.0,0.0
354,2024-05-31 02:15:00,3753.765,3770.0,3757.17,3761.2400000000002,2412.9165,16.69250000000011,3750.72375,3767.6566,0.0,0.0
355,2024-05-31 02:30:00,3758.8950000000004,3758.76,3753.84,3756.3,852.1876,7.400000000000091,3751.109625,3767.0720499999998,0.0,0.0
356,2024-05-31 02:45:00,3756.3,3754.65,3750.97,3753.1049999999996,639.2316,5.330000000000382,3751.1973749999997,3766.46875,0.0,0.0
357,2024-05-31 03:00:00,3753.3999999999996,3760.62,3752.94,3756.78,1066.8499,7.679999999999836,3751.5405,3766.0405499999997,0.0,0.0
358,2024-05-31 03:15:00,3756.7799999999997,3766.45,3760.61,3762.25,804.142,9.669999999999618,3752.1655,3765.8811,0.0,0.0
359,2024-05-31 03:30:00,3760.9700000000003,3766.72,3760.03,3762.7875,1150.8237,6.6899999999996,3752.885125,3765.8148499999998,0.0,0.0
360,2024-05-31 03:45:00,3762.2,3764.36,3760.0,3761.9125000000004,1107.0496,4.360000000000127,3753.580625,3765.58735,0.0,0.0
361,2024-05-31 04:00:00,3761.645,3766.55,3760.2,3763.2599999999998,956.6118,6.350000000000364,3754.333,3765.31045,0.0,0.0
362,2024-05-31 04:15:00,3763.145,3766.55,3756.11,3761.585,1399.1093,10.440000000000055,3754.9692499999996,3764.99125,0.0,0.0
363,2024-05-31 04:30:00,3761.84,3761.2,3757.02,3759.15,686.4915,4.565000000000055,3755.5503750000003,3764.61655,0.0,0.0
364,2024-05-31 04:45:00,3759.19,3766.49,3760.78,3762.6675,932.7158,7.339999999999691,3756.282625,3764.3679,0.0,0.0
365,2024-05-31 05:00:00,3761.7,3763.5,3752.0,3758.1475,1424.4382,11.5,3756.796,3764.01235,0.0,0.0
366,2024-05-31 05:15:00,3758.545,3754.5,3735.02,3747.3050000000003,3079.8705,23.127500000000055,3756.7494999999994,3763.31635,0.0,1.0
367,2024-05-31 05:30:00,3749.85,3747.77,3740.57,3744.6375,1279.4263,7.199999999999818,3756.5652499999997,3762.4784500000005,0.0,0.0
368,2024-05-31 05:45:00,3745.105,3747.4,3742.77,3745.455,1147.2447,4.630000000000109,3756.303125,3761.3723,0.0,0.0
369,2024-05-31 06:00:00,3745.825,3751.0,3741.4,3745.2999999999997,1445.8482,9.599999999999909,3755.696875,3759.9454500000006,0.0,0.0
370,2024-05-31 06:15:00,3744.3999999999996,3749.85,3742.15,3746.0,1669.593,7.699999999999818,3755.157625,3758.5943500000008,0.0,0.0
371,2024-05-31 06:30:00,3746.0,3750.5,3741.07,3746.205,1646.1926,9.429999999999836,3754.762125,3757.40265,0.0,0.0
372,2024-05-31 06:45:00,3746.625,3744.15,3735.4,3740.5075,1515.3721,10.804999999999836,3754.395125,3756.1240000000003,0.0,0.0
373,2024-05-31 07:00:00,3741.24,3744.73,3737.25,3741.45,1155.7266,7.480000000000018,3753.8022500000006,3754.7666999999997,0.0,0.0
374,2024-05-31 07:15:00,3741.91,3749.5,3741.61,3746.33,1314.4657,8.050000000000182,3753.0567500000006,3753.3922000000002,0.0,0.0
375,2024-05-31 07:30:00,3747.1049999999996,3749.95,3730.4,3740.1800000000003,1941.1225,19.549999999999727,3752.25075,3751.9781,0.0,0.0
376,2024-05-31 07:45:00,3740.185,3731.25,3724.41,3728.8925,6023.0259,15.770000000000437,3751.0401250000004,3750.64625,0.0,0.0
377,2024-05-31 08:00:00,3729.955,3739.36,3726.45,3732.8075,3691.4278,12.91000000000031,3749.8415,3749.73205,0.0,0.0
378,2024-05-31 08:15:00,3732.71,3743.62,3733.64,3736.805,1488.1831,10.8125,3748.5692500000005,3749.1478,0.0,0.0
379,2024-05-31 08:30:00,3734.98,3739.53,3729.4,3735.0625,1114.647,10.13000000000011,3747.183,3748.9863,0.0,0.0
380,2024-05-31 08:45:00,3735.66,3737.67,3732.0,3735.6375,991.4313,5.670000000000073,3745.8692499999997,3748.999,0.0,0.0
381,2024-05-31 09:00:00,3736.44,3742.9,3734.74,3738.6425,1234.9683,8.16000000000031,3744.638375,3748.88895,0.0,0.0
382,2024-05-31 09:15:00,3738.465,3741.74,3730.01,3737.2875,1453.3136,11.729999999999563,3743.4235,3748.8204500000006,0.0,0.0
383,2024-05-31 09:30:00,3738.7,3745.6,3733.0,3739.97,2066.0526,12.599999999999909,3742.4644999999996,3748.8439000000003,0.0,0.0
384,2024-05-31 09:45:00,3740.64,3748.43,3740.81,3745.4775,1705.0703,8.460000000000036,3741.6050000000005,3748.92745,0.0,0.0
385,2024-05-31 10:00:00,3746.335,3782.15,3747.08,3763.4375,9423.7388,36.67250000000013,3741.8695,3749.2245499999995,1.0,0.0
386,2024-05-31 10:15:00,3762.26,3778.79,3767.3,3773.855,2745.5802,15.352499999999964,3743.197,3749.6746500000004,0.0,0.0
387,2024-05-31 10:30:00,3774.665,3782.8,3767.32,3775.565,2843.2172,15.480000000000018,3744.7433750000005,3750.1876,0.0,0.0
388,2024-05-31 10:45:00,3776.0699999999997,3785.8,3776.3,3781.7575,2608.0937,10.235000000000127,3746.5585,3750.8277500000004,0.0,0.0
389,2024-05-31 11:00:00,3782.465,3790.0,3779.5,3785.7475,3219.0443,10.5,3748.5808749999997,3751.5748000000003,0.0,0.0
390,2024-05-31 11:15:00,3786.745,3795.95,3783.36,3789.6075,3547.4064,12.58999999999969,3750.7612500000005,3752.4069,0.0,0.0
391,2024-05-31 11:30:00,3789.56,3813.2,3789.46,3800.4400000000005,5278.3084,23.73999999999978,3753.4729999999995,3753.4514499999996,0.0,0.0
392,2024-05-31 11:45:00,3799.55,3813.0,3798.52,3805.7325,3297.1195,14.480000000000018,3756.7342500000004,3754.5889,0.0,0.0
393,2024-05-31 12:00:00,3805.705,3812.8,3801.29,3806.08,3405.2218,11.510000000000218,3759.9657499999994,3755.75995,0.0,0.0
394,2024-05-31 12:15:00,3805.115,3823.0,3806.81,3813.3,5899.6625,16.920000000000073,3763.3142499999994,3757.0655000000006,0.0,0.0
395,2024-05-31 12:30:00,3811.695,3849.94,3815.98,3831.3125,15375.4556,36.63999999999987,3767.8708749999996,3758.73415,0.0,0.0
396,2024-05-31 12:45:00,3829.665,3845.0,3821.0,3833.6075,7016.8,24.0,3773.1066249999994,3760.4415999999997,0.0,0.0
397,2024-05-31 13:00:00,3834.215,3832.32,3815.5,3823.71,4043.8527,18.107500000000073,3777.65175,3761.94935,0.0,0.0
398,2024-05-31 13:15:00,3823.51,3821.95,3805.41,3815.9275,3636.3751,18.300000000000182,3781.607875,3763.2539500000003,0.0,0.0
399,2024-05-31 13:30:00,3818.175,3817.75,3784.46,3805.2000000000003,9120.442,33.289999999999964,3785.1147499999997,3764.2094499999994,0.0,0.0
400,2024-05-31 13:45:00,3809.295,3806.36,3781.35,3794.56,3919.3253,25.01000000000022,3788.060875,3764.96495,0.0,0.0
401,2024-05-31 14:00:00,3795.2650000000003,3798.59,3766.51,3783.1125,8345.3362,32.07999999999993,3790.284375,3765.5449,0.0,1.0
402,2024-05-31 14:15:00,3783.675,3791.2,3776.03,3783.625,3509.0507,15.169999999999618,3792.6012500000006,3766.2604499999998,0.0,0.0
403,2024-05-31 14:30:00,3783.635,3795.0,3762.86,3777.025,6491.0975,32.13999999999987,3794.454,3766.7347999999997,0.0,0.0
404,2024-05-31 14:45:00,3775.12,3778.61,3757.99,3768.49,4064.1545,20.620000000000346,3795.604625,3766.8797999999997,0.0,0.0
405,2024-05-31 15:00:00,3768.68,3776.4,3765.0,3770.6225000000004,2752.7666,11.400000000000091,3795.963875,3767.16625,0.0,0.0
406,2024-05-31 15:15:00,3770.545,3777.59,3763.39,3770.925,3061.1904,14.200000000000273,3795.817375,3767.5226500000003,0.0,0.0
407,2024-05-31 15:30:00,3771.36,3777.2,3755.31,3767.8125,3043.4416,21.889999999999873,3795.4297500000002,3767.7433,0.0,0.0
408,2024-05-31 15:45:00,3769.37,3764.16,3742.35,3753.7525,5364.0851,25.46250000000009,3794.0295000000006,3767.57335,0.0,0.0
409,2024-05-31 16:00:00,3754.25,3753.2,3724.44,3737.5175,9649.3002,29.3125,3791.618000000001,3767.0679499999997,0.0,0.0
410,2024-05-31 16:15:00,3736.215,3755.41,3723.75,3739.335,7404.8605,31.659999999999854,3789.104375,3766.6164000000003,0.0,0.0
411,2024-05-31 16:30:00,3739.09,3752.96,3742.2,3748.15,3496.5791,13.625,3786.4898750000007,3766.3142000000003,0.0,0.0
412,2024-05-31 16:45:00,3748.7200000000003,3758.42,3745.69,3751.295,2421.8899,12.730000000000018,3783.768,3766.1083999999996,0.0,0.0
413,2024-05-31 17:00:00,3750.535,3762.46,3750.43,3756.615,2293.7409,12.0300000000002,3781.29475,3766.0577000000003,0.0,0.0
414,2024-05-31 17:15:00,3756.785,3767.89,3758.41,3763.0775000000003,2062.7263,11.275000000000091,3778.783625,3766.0658999999996,0.0,0.0
415,2024-05-31 17:30:00,3763.005,3770.74,3761.71,3765.3275000000003,2147.7444,9.029999999999745,3775.484375,3766.2095,0.0,0.0
416,2024-05-31 17:45:00,3764.4300000000003,3769.31,3762.24,3765.49,1566.1991,7.070000000000164,3772.0785000000005,3766.5732000000003,0.0,0.0
417,2024-05-31 18:00:00,3765.205,3779.59,3764.02,3772.045,4892.4862,15.570000000000164,3769.49525,3767.12135,0.0,0.0
418,2024-05-31 18:15:00,3772.285,3781.94,3776.06,3778.215,1902.5987,9.894999999999982,3767.6096249999996,3767.7765500000005,1.0,0.0
419,2024-05-31 18:30:00,3777.43,3788.62,3771.42,3780.94,5657.3067,17.199999999999818,3766.396625,3768.48935,0.0,0.0
420,2024-05-31 18:45:00,3781.86,3786.46,3779.6,3784.3075,1009.6676,6.860000000000127,3765.8840000000005,3769.2554999999998,0.0,0.0
421,2024-05-31 19:00:00,3785.585,3786.22,3775.1,3782.5449999999996,2519.0042,11.11999999999989,3765.855625,3769.9822999999997,0.0,0.0
422,2024-05-31 19:15:00,3784.43,3792.92,3780.25,3785.2875,3490.538,12.670000000000073,3765.93875,3770.8779,0.0,0.0
423,2024-05-31 19:30:00,3783.99,3793.0,3779.86,3786.8375,3421.1731,13.139999999999873,3766.4293750000006,3771.78565,0.0,0.0
424,2024-05-31 19:45:00,3787.245,3794.62,3782.45,3788.0,2674.8778,12.170000000000073,3767.404875,3772.61905,0.0,0.0
425,2024-05-31 20:00:00,3787.465,3790.4,3778.2,3783.9424999999997,1705.1354,12.200000000000273,3768.070875,3773.4943,0.0,0.0
426,2024-05-31 20:15:00,3783.585,3793.99,3781.71,3787.8049999999994,1532.3862,12.279999999999745,3768.914875,3774.6725500000002,0.0,0.0
427,2024-05-31 20:30:00,3787.76,3799.64,3791.11,3795.465,1702.0356,11.835000000000491,3770.2974999999997,3775.9256999999993,0.0,0.0
428,2024-05-31 20:45:00,3795.5550000000003,3800.94,3792.6,3796.3525,1025.5966,8.340000000000146,3772.4274999999993,3777.11665,0.0,0.0
429,2024-05-31 21:00:00,3795.935,3795.59,3790.52,3793.575,893.9301,5.832499999999982,3775.230375,3778.2869,0.0,0.0
430,2024-05-31 21:15:00,3794.0950000000003,3794.54,3779.98,3788.245,5584.1045,14.559999999999945,3777.675875,3779.3390500000005,0.0,0.0
431,2024-05-31 21:30:00,3789.23,3790.61,3779.93,3785.3475000000003,2343.2258,10.680000000000291,3779.53575,3780.27315,0.0,0.0
432,2024-05-31 21:45:00,3785.425,3791.77,3783.87,3786.7925,1128.7521,7.900000000000091,3781.3106249999996,3781.2632499999995,0.0,0.0
433,2024-05-31 22:00:00,3785.7650000000003,3790.65,3781.6,3785.29,1330.0058,9.050000000000182,3782.7443749999998,3782.16965,0.0,0.0
434,2024-05-31 22:15:00,3784.455,3784.06,3780.47,3782.625,677.6697,4.820000000000164,3783.7217499999997,3782.9126,0.0,1.0
435,2024-05-31 22:30:00,3782.985,3782.57,3778.81,3781.15,847.2359,3.8150000000000546,3784.5128750000003,3783.26685,0.0,0.0
436,2024-05-31 22:45:00,3781.61,3781.38,3767.36,3774.9425,2270.5295,14.019999999999982,3784.9855,3783.2886,0.0,0.0
437,2024-05-31 23:00:00,3775.5150000000003,3774.14,3758.63,3765.8175,3191.6511,16.3125,3784.674125,3783.09365,0.0,0.0
438,2024-05-31 23:15:00,3765.25,3767.72,3742.0,3753.46,4205.2227,25.7199999999998,3783.436375,3782.5276999999996,0.0,0.0
439,2024-05-31 23:30:00,3752.06,3770.32,3743.19,3755.6775,2931.3608,27.13000000000011,3782.17325,3781.9263,0.0,0.0
440,2024-05-31 23:45:00,3754.6,3772.32,3762.06,3765.4674999999997,1494.348,16.642500000000382,3781.2312499999994,3781.4435000000003,0.0,0.0
441,2024-06-01 00:00:00,3763.745,3768.66,3760.13,3763.2325,1758.7361,8.529999999999745,3780.265625,3780.69935,0.0,0.0
442,2024-06-01 00:15:00,3762.0699999999997,3761.79,3752.67,3759.0225,1461.3235,10.5625,3778.952375,3779.76515,0.0,0.0
443,2024-06-01 00:30:00,3760.815,3766.6,3759.83,3762.4675,814.3042,7.577499999999873,3777.7338749999994,3778.8929000000003,0.0,0.0
444,2024-06-01 00:45:00,3761.7200000000003,3765.63,3760.66,3763.5099999999998,2398.6089,4.970000000000255,3776.509375,3777.8970999999997,0.0,0.0
445,2024-06-01 01:00:00,3763.875,3776.19,3764.15,3768.995,2112.0458,12.680000000000291,3775.762,3776.6507499999993,0.0,0.0
446,2024-06-01 01:15:00,3767.8199999999997,3772.79,3759.39,3767.5325000000003,1690.145,13.400000000000091,3774.748375,3775.32925,0.0,0.0
447,2024-06-01 01:30:00,3768.975,3766.46,3759.22,3764.035,887.1277,8.312500000000455,3773.176875,3774.13575,0.0,0.0
448,2024-06-01 01:45:00,3765.23,3767.0,3761.75,3764.885,661.8023,5.25,3771.6035,3773.1149,0.0,0.0
449,2024-06-01 02:00:00,3765.395,3773.98,3766.47,3769.055,765.2169,9.0949999999998,3770.3774999999996,3772.3920000000003,0.0,0.0
450,2024-06-01 02:15:00,3767.885,3771.64,3766.0,3769.4075,1070.9502,5.639999999999873,3769.4356249999996,3771.88895,0.0,0.0
451,2024-06-01 02:30:00,3769.995,3779.36,3771.01,3773.8450000000003,1082.2867,9.952500000000327,3768.8605,3771.7036,1.0,0.0
452,2024-06-01 02:45:00,3772.505,3778.0,3773.64,3775.8575,561.1598,4.360000000000127,3768.31375,3771.5482500000003,0.0,0.0
453,2024-06-01 03:00:00,3775.895,3781.99,3776.75,3778.8675,1131.0621,6.132499999999709,3767.9926250000003,3771.5851000000002,0.0,0.0
454,2024-06-01 03:15:00,3778.365,3779.79,3775.01,3777.6225,840.4246,4.779999999999745,3767.7425000000003,3771.7677500000004,0.0,0.0
455,2024-06-01 03:30:00,3777.8450000000003,3780.69,3774.51,3778.1375000000003,848.5518,6.179999999999836,3767.5918749999996,3771.9180500000007,0.0,0.0
456,2024-06-01 03:45:00,3778.675,3782.07,3776.22,3779.4674999999997,1078.7204,5.850000000000364,3767.8181249999993,3772.0889,0.0,0.0
457,2024-06-01 04:00:00,3779.79,3780.55,3772.34,3776.4525000000003,799.0564,8.210000000000036,3768.349875,3772.2617,0.0,0.0
458,2024-06-01 04:15:00,3776.46,3775.86,3771.19,3774.0675,636.3142,5.262500000000273,3769.3802499999997,3772.6679999999997,0.0,0.0
459,2024-06-01 04:30:00,3774.61,3781.51,3774.44,3777.6000000000004,1174.0053,7.442500000000109,3770.4763750000006,3773.4696500000005,0.0,0.0
460,2024-06-01 04:45:00,3777.2250000000004,3785.26,3778.74,3781.8775,1236.9783,7.6599999999998545,3771.296875,3774.3205,0.0,0.0
461,2024-06-01 05:00:00,3781.755,3785.85,3778.33,3783.595,1207.9105,7.519999999999982,3772.3149999999996,3775.0294,0.0,0.0
462,2024-06-01 05:15:00,3785.1,3787.97,3781.01,3783.9625,948.3218,6.959999999999582,3773.5620000000004,3775.6827500000004,0.0,0.0
463,2024-06-01 05:30:00,3783.435,3792.84,3781.0,3786.505,2667.0898,11.840000000000146,3774.7638749999996,3776.28055,0.0,0.0
464,2024-06-01 05:45:00,3786.09,3794.11,3787.4,3790.615,1239.7603,7.605000000000018,3776.1191249999997,3776.8313,0.0,0.0
465,2024-06-01 06:00:00,3790.475,3791.81,3784.74,3788.5775,631.2944,7.070000000000164,3777.09825,3777.2963,0.0,0.0
466,2024-06-01 06:15:00,3788.88,3788.47,3782.31,3786.575,1652.0924,6.267499999999927,3778.050375,3777.718,0.0,0.0
467,2024-06-01 06:30:00,3787.76,3790.76,3783.14,3787.1299999999997,1243.9307,7.620000000000346,3779.2051249999995,3778.0197,0.0,0.0
468,2024-06-01 06:45:00,3787.31,3790.23,3783.31,3787.36,1502.728,6.920000000000073,3780.328875,3778.2025999999996,0.0,0.0
469,2024-06-01 07:00:00,3787.95,3790.67,3787.0,3788.38,994.4817,3.6700000000000728,3781.2951250000006,3778.3513999999996,0.0,0.0
470,2024-06-01 07:15:00,3787.925,3787.01,3783.5,3785.5025,594.7463,4.880000000000109,3782.099875,3778.3752999999997,0.0,0.0
471,2024-06-01 07:30:00,3785.75,3784.5,3777.01,3781.045,1822.8301,8.492499999999836,3782.4598750000005,3778.3453000000004,0.0,1.0
472,2024-06-01 07:45:00,3781.335,3779.49,3770.31,3775.24,1491.4902,10.735000000000127,3782.429,3778.14435,0.0,0.0
473,2024-06-01 08:00:00,3775.58,3777.5,3772.43,3774.6425,1240.6655,5.070000000000164,3782.21775,3777.9004500000005,0.0,0.0
474,2024-06-01 08:15:00,3774.3199999999997,3779.2,3774.69,3776.76,736.5827,4.557499999999891,3782.1746249999997,3777.67565,0.0,0.0
475,2024-06-01 08:30:00,3776.575,3790.95,3777.11,3783.4474999999998,4853.9238,14.1899999999996,3782.440125,3777.66575,0.0,0.0
476,2024-06-01 08:45:00,3782.865,3802.0,3787.6,3794.235,4917.6974,18.552500000000236,3783.1785000000004,3777.79435,1.0,0.0
477,2024-06-01 09:00:00,3793.67,3809.55,3799.1,3802.0925,3384.5298,15.315000000000055,3784.4605,3777.9269,0.0,0.0
478,2024-06-01 09:15:00,3799.86,3800.61,3790.43,3795.7325,1715.8785,11.662500000000364,3785.54375,3777.9145000000003,0.0,0.0
479,2024-06-01 09:30:00,3795.945,3796.19,3788.48,3792.8500000000004,2743.3198,7.710000000000036,3786.30625,3777.9,0.0,0.0
480,2024-06-01 09:45:00,3793.365,3795.46,3790.1,3793.54,860.8904,5.360000000000127,3786.8893749999997,3778.0059,0.0,0.0
481,2024-06-01 10:00:00,3794.3,3796.05,3790.01,3793.295,935.7415,6.039999999999964,3787.3743750000003,3778.1648499999997,0.0,0.0
482,2024-06-01 10:15:00,3793.56,3794.8,3790.12,3792.6000000000004,656.9426,4.680000000000291,3787.80625,3778.2810000000004,0.0,0.0
483,2024-06-01 10:30:00,3792.74,3793.0,3784.99,3788.89,968.3823,8.010000000000218,3787.9255,3778.353,0.0,0.0
484,2024-06-01 10:45:00,3788.785,3788.0,3784.07,3786.0325,699.0789,4.819999999999709,3787.6963750000004,3778.42115,0.0,0.0
485,2024-06-01 11:00:00,3786.0299999999997,3789.9,3782.07,3786.8424999999997,1207.3557,7.829999999999927,3787.609625,3778.535,0.0,0.0
486,2024-06-01 11:15:00,3787.7,3791.99,3785.66,3788.5099999999998,1119.5248,6.329999999999927,3787.706375,3778.8063500000003,0.0,0.0
487,2024-06-01 11:30:00,3788.1949999999997,3793.0,3786.97,3789.6375,1226.9426,6.0300000000002,3787.83175,3779.2827500000003,0.0,0.0
488,2024-06-01 11:45:00,3789.29,3793.39,3788.27,3790.385,749.3362,5.119999999999891,3787.983,3780.02125,0.0,0.0
489,2024-06-01 12:00:00,3789.94,3795.6,3787.0,3790.7725,995.3933,8.599999999999909,3788.1026249999995,3780.72315,0.0,0.0
490,2024-06-01 12:15:00,3790.245,3796.99,3789.61,3793.79,1802.4184,7.379999999999654,3788.517,3781.2895999999996,0.0,0.0
491,2024-06-01 12:30:00,3794.2799999999997,3801.17,3794.4,3798.24,1220.6773,7.380000000000109,3789.3767499999994,3781.98975,0.0,0.0
492,2024-06-01 12:45:00,3798.6949999999997,3806.97,3795.7,3799.8549999999996,2221.9059,11.269999999999982,3790.6075000000005,3782.8063999999995,0.0,0.0
493,2024-06-01 13:00:00,3798.375,3804.38,3795.3,3799.1949999999997,1149.9549,9.079999999999927,3791.835125,3783.5409499999996,0.0,0.0
494,2024-06-01 13:15:00,3798.55,3803.61,3799.4,3801.3525,714.666,4.415000000000418,3793.0647500000005,3784.2978000000003,0.0,0.0
495,2024-06-01 13:30:00,3801.2,3808.56,3801.0,3803.645,1709.7133,7.559999999999945,3794.0746249999997,3784.9908,0.0,0.0
496,2024-06-01 13:45:00,3802.51,3809.8,3802.0,3804.4550000000004,1658.1113,7.800000000000182,3794.5856249999997,3785.7292500000003,0.0,0.0
497,2024-06-01 14:00:00,3803.01,3804.6,3797.0,3801.155,1367.7699,7.599999999999909,3794.5387499999997,3786.4716500000004,0.0,0.0
498,2024-06-01 14:15:00,3801.51,3809.11,3801.0,3804.925,1194.6904,8.110000000000127,3794.998375,3787.27245,0.0,0.0
499,2024-06-01 14:30:00,3804.795,3808.58,3808.24,3808.4125,6.8008,3.6549999999997453,3795.7765,3788.0596,0.0,0.0
